{"features": ["Pclass", "Sex", "Age", "SibSp", "Parch", "Fare", "Embarked", "Title", "FamilySize", "IsAlone"], "feature_importances": [0.15919692814350128, 0.10757239162921906, 0.042946647852659225, 0.035911593586206436, 0.03510139137506485, 0.05330362915992737, 0.049101315438747406, 0.35737794637680054, 0.0925692617893219, 0.0669189840555191], "classes": [0, 1]}